Date   ,Outflow cu.m/sec
1/01/2009,      0.03303125
2/01/2009,      0.05366092
3/01/2009,      0.03611004
4/01/2009,      0.02834325
5/01/2009,      0.02827000
6/01/2009,      0.02827000
7/01/2009,      0.02778813
8/01/2009,      0.02688863
9/01/2009,      0.02393312
10/01/2009,      0.01845533
11/01/2009,      0.01766267
12/01/2009,      0.02056000
13/01/2009,      0.01826400
14/01/2009,      0.01659667
15/01/2009,      0.01525733
16/01/2009,      0.01400000
17/01/2009,      0.01292917
18/01/2009,      0.01220100
19/01/2009,      0.01405467
20/01/2009,      0.01132775
21/01/2009,      0.00651000
22/01/2009,      0.00341842
23/01/2009,      0.00006375
24/01/2009,      0.00570525
25/01/2009,      0.00779050
26/01/2009,      0.00111917
27/01/2009,      0.00000000
28/01/2009,      0.00000000
29/01/2009,      0.00000000
30/01/2009,      0.00000000
31/01/2009,      0.00000000
1/02/2009,      0.00000000
2/02/2009,      0.01247417
3/02/2009,      0.01381733
4/02/2009,      0.00383458
5/02/2009,      0.00000000
6/02/2009,      0.00000000
7/02/2009,      0.00000000
8/02/2009,      0.00000000
9/02/2009,      0.00000000
10/02/2009,      0.00000000
11/02/2009,      0.00000000
12/02/2009,      0.00000000
13/02/2009,      0.00000000
14/02/2009,      0.00000000
15/02/2009,      0.00000000
16/02/2009,      0.00000000
17/02/2009,      0.00000000
18/02/2009,      0.00000000
19/02/2009,      0.00000000
20/02/2009,      0.00000000
21/02/2009,      0.00000000
22/02/2009,      0.00000000
23/02/2009,      0.00000000
24/02/2009,      0.00000000
25/02/2009,      0.00000000
26/02/2009,      0.00000000
27/02/2009,      0.00000000
28/02/2009,      0.00000000
1/03/2009,      0.00000000
2/03/2009,      0.00000000
3/03/2009,      0.00092458
4/03/2009,      0.10848604
5/03/2009,      0.03423125
6/03/2009,      0.01690833
7/03/2009,      0.01034737
8/03/2009,      0.00304158
9/03/2009,      0.00343925
10/03/2009,      0.00236358
11/03/2009,      0.00000000
12/03/2009,      0.00000000
13/03/2009,      0.00303379
14/03/2009,      0.13778179
15/03/2009,      0.14559792
16/03/2009,      0.06080142
17/03/2009,      0.08339150
18/03/2009,      0.04863692
19/03/2009,      0.02278183
20/03/2009,      0.01506942
21/03/2009,      0.01081925
22/03/2009,      0.00713863
23/03/2009,      0.00274967
24/03/2009,      0.00544283
25/03/2009,      0.01340242
26/03/2009,      0.01668508
27/03/2009,      0.01172604
28/03/2009,      0.00662933
29/03/2009,      0.00474600
30/03/2009,      0.00000000
31/03/2009,      0.00060267
1/04/2009,      0.00427792
2/04/2009,      0.00021658
3/04/2009,      0.17828200
4/04/2009,      0.14796192
5/04/2009,      0.05818696
6/04/2009,      0.04716858
7/04/2009,      0.03118563
8/04/2009,      0.02494925
9/04/2009,      0.02109000
10/04/2009,      0.02109000
11/04/2009,      0.02109000
12/04/2009,      0.01868500
13/04/2009,      0.01589000
14/04/2009,      0.01589000
15/04/2009,      0.01669879
16/04/2009,      0.01131000
17/04/2009,      0.00912050
18/04/2009,      0.00678000
19/04/2009,      0.00678000
20/04/2009,      0.00678000
21/04/2009,      0.00678000
22/04/2009,      0.00565000
23/04/2009,      0.00361600
24/04/2009,      0.00771121
25/04/2009,      0.01458833
26/04/2009,      0.03392333
27/04/2009,      0.02028258
28/04/2009,      0.21959450
29/04/2009,      0.05606675
30/04/2009,      0.02100425
1/05/2009,      0.01443004
2/05/2009,      0.01131000
3/05/2009,      0.01131000
4/05/2009,      0.01131000
5/05/2009,      0.01131000
6/05/2009,      0.01063996
7/05/2009,      0.01298433
8/05/2009,      0.01239775
9/05/2009,      0.01377175
10/05/2009,      0.01184433
11/05/2009,      0.01131000
12/05/2009,      0.01131000
13/05/2009,      0.01055500
14/05/2009,      0.01019637
15/05/2009,      0.00721413
16/05/2009,      0.01510992
17/05/2009,      0.01314200
18/05/2009,      0.01046062
19/05/2009,      0.00740288
20/05/2009,      0.00678000
21/05/2009,      0.00678000
22/05/2009,      0.00678000
23/05/2009,      0.00678000
24/05/2009,      0.00768600
25/05/2009,      0.00678000
26/05/2009,      0.02385954
27/05/2009,      0.01793688
28/05/2009,      0.02258583
29/05/2009,      0.01918842
30/05/2009,      0.01136725
31/05/2009,      0.01104575
1/06/2009,      0.01023412
2/06/2009,      0.00678000
3/06/2009,      0.01250963
4/06/2009,      0.01298933
5/06/2009,      0.01019637
6/06/2009,      0.00678000
7/06/2009,      0.02377325
8/06/2009,      0.06229375
9/06/2009,      0.13837000
10/06/2009,      0.29223183
11/06/2009,      0.12248113
12/06/2009,      0.04964254
13/06/2009,      0.02658233
14/06/2009,      0.02000667
15/06/2009,      0.01589000
16/06/2009,      0.01585183
17/06/2009,      0.01272217
18/06/2009,      0.01411525
19/06/2009,      0.01581367
20/06/2009,      0.01131000
21/06/2009,      0.01478317
22/06/2009,      0.01589000
23/06/2009,      0.01359533
24/06/2009,      0.03661008
25/06/2009,      0.01779667
26/06/2009,      0.01766667
27/06/2009,      0.01589000
28/06/2009,      0.01589000
29/06/2009,      0.01589000
30/06/2009,      0.01613296
1/07/2009,      0.02674417
2/07/2009,      0.02584704
3/07/2009,      0.33595183
4/07/2009,      0.22841117
5/07/2009,      0.11323763
6/07/2009,      0.09802338
7/07/2009,      0.06162675
8/07/2009,      0.03908592
9/07/2009,      0.02973500
10/07/2009,      0.02827000
11/07/2009,      0.10618108
12/07/2009,      0.06360033
13/07/2009,      0.04255417
14/07/2009,      0.06986892
15/07/2009,      0.03917400
16/07/2009,      0.02984488
17/07/2009,      0.02827000
18/07/2009,      0.02623567
19/07/2009,      0.02207725
20/07/2009,      0.02109000
21/07/2009,      0.02109000
22/07/2009,      0.03761600
23/07/2009,      0.26608492
24/07/2009,      0.07195479
25/07/2009,      0.04199267
26/07/2009,      0.03149300
27/07/2009,      0.02827000
28/07/2009,      0.02725283
29/07/2009,      0.02746225
30/07/2009,      0.03621796
31/07/2009,      0.15238938
1/08/2009,      0.05830217
2/08/2009,      0.04796617
3/08/2009,      0.06940538
4/08/2009,      0.06072600
5/08/2009,      0.07865179
6/08/2009,      0.04018696
7/08/2009,      0.08261321
8/08/2009,      0.05866463
9/08/2009,      0.03475263
10/08/2009,      0.02827000
11/08/2009,      0.03841600
12/08/2009,      0.05455729
13/08/2009,      0.06988113
14/08/2009,      0.03904188
15/08/2009,      0.02881938
16/08/2009,      0.05065654
17/08/2009,      0.06480950
18/08/2009,      0.02933213
19/08/2009,      0.02315425
20/08/2009,      0.02899838
21/08/2009,      0.03568446
22/08/2009,      0.02827000
23/08/2009,      0.02827000
24/08/2009,      0.04588221
25/08/2009,      0.18467846
26/08/2009,      0.09040992
27/08/2009,      0.04045121
28/08/2009,      0.03094363
29/08/2009,      0.03942779
30/08/2009,      0.03596271
31/08/2009,      0.03324683
1/09/2009,      0.06168021
2/09/2009,      0.04599658
3/09/2009,      0.03706000
4/09/2009,      0.05837792
5/09/2009,      0.08735800
6/09/2009,      0.04343050
7/09/2009,      0.04031908
8/09/2009,      0.11711833
9/09/2009,      0.36101750
10/09/2009,      0.16901725
11/09/2009,      0.08914317
12/09/2009,      0.05695167
13/09/2009,      0.05472283
14/09/2009,      0.04605617
15/09/2009,      0.03482588
16/09/2009,      0.02958850
17/09/2009,      0.16742888
18/09/2009,      0.24746679
19/09/2009,      0.08785004
20/09/2009,      0.08720921
21/09/2009,      0.05576550
22/09/2009,      0.49516683
23/09/2009,      0.15874063
24/09/2009,      0.32621646
25/09/2009,      0.66534000
26/09/2009,      1.45636354
27/09/2009,      1.18876163
28/09/2009,      1.46769050
29/09/2009,      0.35479712
30/09/2009,      0.21176096
1/10/2009,      0.15692129
2/10/2009,      0.12785875
3/10/2009,      0.10954163
4/10/2009,      0.09441800
5/10/2009,      0.07642825
6/10/2009,      0.12684263
7/10/2009,      0.20780792
8/10/2009,      0.10149321
9/10/2009,      0.07150608
10/10/2009,      0.05991000
11/10/2009,      0.05494683
12/10/2009,      0.04905842
13/10/2009,      0.07167467
14/10/2009,      0.15647554
15/10/2009,      0.20717563
16/10/2009,      0.20080654
17/10/2009,      0.23624846
18/10/2009,      0.13458033
19/10/2009,      0.08766575
20/10/2009,      0.06730025
21/10/2009,      0.05750517
22/10/2009,      0.04763000
23/10/2009,      0.04538387
24/10/2009,      0.03890975
25/10/2009,      0.03908592
26/10/2009,      0.03610775
27/10/2009,      0.03226213
28/10/2009,      0.02907575
29/10/2009,      0.03603771
30/10/2009,      0.10241229
31/10/2009,      1.17981925
1/11/2009,      0.22003013
2/11/2009,      0.12112304
3/11/2009,      0.09576742
4/11/2009,      0.06333475
5/11/2009,      0.05484450
6/11/2009,      0.04763000
7/11/2009,      0.04269733
8/11/2009,      0.03706000
9/11/2009,      0.03288475
10/11/2009,      0.02827000
11/11/2009,      0.02713317
12/11/2009,      0.02109000
13/11/2009,      0.02109000
14/11/2009,      0.02074333
15/11/2009,      0.01918333
16/11/2009,      0.01697333
17/11/2009,      0.01870667
18/11/2009,      0.01784000
19/11/2009,      0.01589000
20/11/2009,      0.01589000
21/11/2009,      0.03834208
22/11/2009,      0.85430058
23/11/2009,      0.20688667
24/11/2009,      0.08054733
25/11/2009,      0.04542792
26/11/2009,      0.12391967
27/11/2009,      0.11036317
28/11/2009,      0.12755325
29/11/2009,      0.28925217
30/11/2009,      0.12828158
1/12/2009,      0.06500200
2/12/2009,      0.04604450
3/12/2009,      0.03714808
4/12/2009,      0.03785275
5/12/2009,      0.03456950
6/12/2009,      0.02958850
7/12/2009,      0.02827000
8/12/2009,      0.21559721
9/12/2009,      0.10736400
10/12/2009,      0.14220667
11/12/2009,      0.16972583
12/12/2009,      0.06254983
13/12/2009,      0.04763000
14/12/2009,      0.04331392
15/12/2009,      0.03530200
16/12/2009,      0.02827000
17/12/2009,      0.10389100
18/12/2009,      0.13305325
19/12/2009,      0.04829325
20/12/2009,      0.03522875
21/12/2009,      0.02797083
22/12/2009,      0.02372267
23/12/2009,      0.02180800
24/12/2009,      0.02675367
25/12/2009,      0.05707725
26/12/2009,      0.03369050
27/12/2009,      0.02791100
28/12/2009,      0.02420133
29/12/2009,      0.02426117
30/12/2009,      0.02109000
31/12/2009,      0.01979750
1/01/2010,      0.23017242
2/01/2010,      0.10901225
3/01/2010,      0.05340808
4/01/2010,      0.03295800
5/01/2010,      0.02689383
6/01/2010,      0.02180800
7/01/2010,      0.02109000
8/01/2010,      0.02109000
9/01/2010,      0.01914000
10/01/2010,      0.01589000
11/01/2010,      0.01589000
12/01/2010,      0.01755100
13/01/2010,      0.02379592
14/01/2010,      0.01888000
15/01/2010,      0.01589000
16/01/2010,      0.01535567
17/01/2010,      0.03607592
18/01/2010,      0.25562625
19/01/2010,      0.08363717
20/01/2010,      0.03524450
21/01/2010,      0.02593650
22/01/2010,      0.02109000
23/01/2010,      0.02109000
24/01/2010,      0.02009333
25/01/2010,      0.01766667
26/01/2010,      0.01628000
27/01/2010,      0.01589000
28/01/2010,      0.01589000
29/01/2010,      0.01589000
30/01/2010,      0.01573733
31/01/2010,      0.01565900
1/02/2010,      0.02011583
2/02/2010,      0.01589000
3/02/2010,      0.01226417
4/02/2010,      0.01131000
5/02/2010,      0.05687075
6/02/2010,      0.03714508
7/02/2010,      0.01940000
8/02/2010,      0.01527933
9/02/2010,      0.01253133
10/02/2010,      0.01161533
11/02/2010,      0.07455850
12/02/2010,      0.10204600
13/02/2010,      0.02984208
14/02/2010,      0.01992000
15/02/2010,      0.01589000
16/02/2010,      0.01589000
17/02/2010,      0.01394350
18/02/2010,      0.01230233
19/02/2010,      0.01203517
20/02/2010,      0.01063050
21/02/2010,      0.00798800
22/02/2010,      0.00836550
23/02/2010,      0.00923375
24/02/2010,      0.00802575
25/02/2010,      0.00644100
26/02/2010,      0.00881850
27/02/2010,      0.00644142
28/02/2010,      0.00980208
1/03/2010,      0.00825225
2/03/2010,      0.00459533
3/03/2010,      0.00523567
4/03/2010,      0.00335233
5/03/2010,      0.00342767
6/03/2010,      0.19786342
7/03/2010,      0.37358692
8/03/2010,      0.40808521
9/03/2010,      0.17045217
10/03/2010,      0.09048175
11/03/2010,      0.04987100
12/03/2010,      0.03361725
13/03/2010,      0.02711358
14/03/2010,      0.02719517
15/03/2010,      0.02214017
16/03/2010,      0.02013250
17/03/2010,      0.01745000
18/03/2010,      0.01606333
19/03/2010,      0.01632333
20/03/2010,      0.01805667
21/03/2010,      0.01645333
22/03/2010,      0.01671333
23/03/2010,      0.01589000
24/03/2010,      0.01597667
25/03/2010,      0.01369542
26/03/2010,      0.01131000
27/03/2010,      0.01057387
28/03/2010,      0.00974337
29/03/2010,      0.14208500
30/03/2010,      0.05134800
31/03/2010,      0.01999425
1/04/2010,      0.01714667
2/04/2010,      0.01589000
3/04/2010,      0.01520300
4/04/2010,      0.01274125
5/04/2010,      0.01234050
6/04/2010,      0.01131000
7/04/2010,      0.04652400
8/04/2010,      0.01989308
9/04/2010,      0.01589000
10/04/2010,      0.01489767
11/04/2010,      0.03948787
12/04/2010,      0.03123983
13/04/2010,      0.02857913
14/04/2010,      0.01894500
15/04/2010,      0.01589000
16/04/2010,      0.01589000
17/04/2010,      0.01537475
18/04/2010,      0.01321833
19/04/2010,      0.01249317
20/04/2010,      0.01131000
21/04/2010,      0.01138633
22/04/2010,      0.02161379
23/04/2010,      0.04663192
24/04/2010,      0.17179738
25/04/2010,      0.04913096
26/04/2010,      0.02689546
27/04/2010,      0.02362038
28/04/2010,      0.02606396
29/04/2010,      0.04167900
30/04/2010,      0.03192633
1/05/2010,      0.02107967
2/05/2010,      0.01645333
3/05/2010,      0.01615000
4/05/2010,      0.05927658
5/05/2010,      0.11406500
6/05/2010,      0.07146833
7/05/2010,      0.03878083
8/05/2010,      0.12338642
9/05/2010,      0.03885417
10/05/2010,      0.02659467
11/05/2010,      0.11980267
12/05/2010,      0.23444800
13/05/2010,      0.20728808
14/05/2010,      0.11475875
15/05/2010,      0.06826617
16/05/2010,      0.04340200
17/05/2010,      0.03405675
18/05/2010,      0.02914900
19/05/2010,      0.02791100
20/05/2010,      0.02623567
21/05/2010,      0.02569717
22/05/2010,      0.02294483
23/05/2010,      0.02109000
24/05/2010,      0.02162850
25/05/2010,      0.04957425
26/05/2010,      0.03449717
27/05/2010,      0.02569717
28/05/2010,      0.02444067
29/05/2010,      0.05813592
30/05/2010,      0.04216883
31/05/2010,      0.03669375
1/06/2010,      0.03068725
2/06/2010,      0.02827000
3/06/2010,      0.02827000
4/06/2010,      0.02827000
5/06/2010,      0.14539950
6/06/2010,      0.19984158
7/06/2010,      0.09817942
8/06/2010,      0.06002167
9/06/2010,      0.10856550
10/06/2010,      0.40708883
11/06/2010,      0.15844825
12/06/2010,      0.13047783
13/06/2010,      0.08030683
14/06/2010,      0.06255367
15/06/2010,      0.05520267
16/06/2010,      0.04763000
17/06/2010,      0.11347650
18/06/2010,      0.08325333
19/06/2010,      0.10556900
20/06/2010,      0.15794942
21/06/2010,      0.13418642
22/06/2010,      0.07992533
23/06/2010,      0.06123183
24/06/2010,      0.05991000
25/06/2010,      0.29567108
26/06/2010,      0.84202908
27/06/2010,      0.39223250
28/06/2010,      0.20432325
29/06/2010,      0.18873183
30/06/2010,      0.22947458
1/07/2010,      0.14699775
2/07/2010,      0.15894900
3/07/2010,      0.27755000
4/07/2010,      0.17350508
5/07/2010,      0.12329900
6/07/2010,      0.10115642
7/07/2010,      0.09907708
8/07/2010,      0.09345983
9/07/2010,      0.07700050
10/07/2010,      0.07496583
11/07/2010,      0.08374033
12/07/2010,      0.07326250
13/07/2010,      0.07362500
14/07/2010,      0.31732658
15/07/2010,      0.55529667
16/07/2010,      0.19193892
17/07/2010,      0.12543450
18/07/2010,      0.12505850
19/07/2010,      0.15987917
20/07/2010,      0.10186275
21/07/2010,      0.08606467
22/07/2010,      0.08107867
23/07/2010,      0.09745433
24/07/2010,      0.08214900
25/07/2010,      0.07423083
26/07/2010,      0.06675950
27/07/2010,      0.06221100
28/07/2010,      0.06255367
29/07/2010,      0.07363000
30/07/2010,      0.06507717
31/07/2010,      0.06943117
1/08/2010,      0.26841808
2/08/2010,      0.71905525
3/08/2010,      0.20062667
4/08/2010,      0.29163283
5/08/2010,      0.44148675
6/08/2010,      0.36826325
7/08/2010,      0.19132142
8/08/2010,      0.13898017
9/08/2010,      0.10875833
10/08/2010,      0.15075425
11/08/2010,      0.25505292
12/08/2010,      1.31161717
13/08/2010,      0.40815992
14/08/2010,      0.22691942
15/08/2010,      0.30021000
16/08/2010,      0.39524092
17/08/2010,      0.21813708
18/08/2010,      0.16178300
19/08/2010,      0.14471600
20/08/2010,      0.14052575
21/08/2010,      0.12665958
22/08/2010,      0.11132183
23/08/2010,      0.09489400
24/08/2010,      0.18315142
25/08/2010,      0.26140842
26/08/2010,      0.21015592
27/08/2010,      0.35040542
28/08/2010,      0.22551367
29/08/2010,      0.16107758
30/08/2010,      0.13154275
31/08/2010,      0.10677158
1/09/2010,      0.32648283
2/09/2010,      0.23346200
3/09/2010,      0.14203283
4/09/2010,      0.34865617
5/09/2010,      0.75818050
6/09/2010,      0.49142508
7/09/2010,      0.24961300
8/09/2010,      0.17474567
9/09/2010,      0.14473167
10/09/2010,      0.17100425
11/09/2010,      0.14259567
12/09/2010,      0.11815783
13/09/2010,      0.10591000
14/09/2010,      0.10210200
15/09/2010,      0.09203800
16/09/2010,      0.09097567
17/09/2010,      0.12166008
18/09/2010,      0.08986200
19/09/2010,      0.10293083
20/09/2010,      0.10178454
21/09/2010,      0.11412463
22/09/2010,      0.10392846
23/09/2010,      0.08342242
24/09/2010,      0.07496583
25/09/2010,      0.07288800
26/09/2010,      0.06285408
27/09/2010,      0.10453821
28/09/2010,      0.10073021
29/09/2010,      0.15842950
30/09/2010,      0.10930083
1/10/2010,      0.07246683
2/10/2010,      0.06171250
3/10/2010,      0.05863083
4/10/2010,      0.05433283
5/10/2010,      0.07237983
6/10/2010,      0.23459525
7/10/2010,      0.28035471
8/10/2010,      0.11015571
9/10/2010,      0.07294750
10/10/2010,      0.05991000
11/10/2010,      0.05617483
12/10/2010,      0.08003454
13/10/2010,      0.16789971
14/10/2010,      0.12102733
15/10/2010,      1.03350208
16/10/2010,      0.49561754
17/10/2010,      0.19819700
18/10/2010,      0.14235925
19/10/2010,      0.11894113
20/10/2010,      0.09339892
21/10/2010,      0.07433000
22/10/2010,      0.06249358
23/10/2010,      0.38154950
24/10/2010,      0.13522867
25/10/2010,      0.08494842
26/10/2010,      0.07126575
27/10/2010,      0.05991000
28/10/2010,      0.05637950
29/10/2010,      0.04844867
30/10/2010,      0.95928921
31/10/2010,      6.07353537
1/11/2010,      0.78095679
2/11/2010,      0.57205329
3/11/2010,      0.43904450
4/11/2010,      0.28331479
5/11/2010,      0.19480850
6/11/2010,      0.15439200
7/11/2010,      0.13518425
8/11/2010,      0.11951079
9/11/2010,      0.09945000
10/11/2010,      0.08723742
11/11/2010,      0.08030683
12/11/2010,      0.07653021
13/11/2010,      0.29050429
14/11/2010,      0.25225088
15/11/2010,      0.19845408
16/11/2010,      0.12448813
17/11/2010,      0.09768200
18/11/2010,      0.09828783
19/11/2010,      0.09029392
20/11/2010,      0.07433000
21/11/2010,      0.07433000
22/11/2010,      0.07138592
23/11/2010,      0.05991000
24/11/2010,      0.05617483
25/11/2010,      0.24487083
26/11/2010,      0.12180925
27/11/2010,      0.55883892
28/11/2010,      1.38772608
29/11/2010,      0.33958250
30/11/2010,      0.17066446
1/12/2010,      0.14740400
2/12/2010,      0.35308196
3/12/2010,      0.41159471
4/12/2010,      0.17034483
5/12/2010,      0.11822904
6/12/2010,      0.09482600
7/12/2010,      0.12804187
8/12/2010,      0.38070496
9/12/2010,      0.49183421
10/12/2010,      0.23545350
11/12/2010,      0.13623825
12/12/2010,      0.14551908
13/12/2010,      0.11313988
14/12/2010,      0.08622008
15/12/2010,      0.07433000
16/12/2010,      0.07433000
17/12/2010,      0.07838125
18/12/2010,      0.22761613
19/12/2010,      0.19625425
20/12/2010,      0.70426829
21/12/2010,      0.46115238
22/12/2010,      0.19604667
23/12/2010,      0.13620692
24/12/2010,      0.10279804
25/12/2010,      0.08959000
26/12/2010,      0.09190200
27/12/2010,      0.10407908
28/12/2010,      0.08431258
29/12/2010,      0.07426992
30/12/2010,      0.06591833
31/12/2010,      0.05991000
1/01/2011,      0.05602133
2/01/2011,      0.05995267
3/01/2011,      0.05284900
4/01/2011,      0.05203033
5/01/2011,      0.05090467
6/01/2011,      0.04763000
7/01/2011,      0.04763000
8/01/2011,      0.03912996
9/01/2011,      0.03873358
10/01/2011,      0.03825496
11/01/2011,      0.06593971
12/01/2011,      0.13566317
13/01/2011,      0.27000537
14/01/2011,      1.18975942
15/01/2011,      0.36279450
16/01/2011,      0.14865746
17/01/2011,      0.10006521
18/01/2011,      0.07531467
19/01/2011,      0.05991000
20/01/2011,      0.05786333
21/01/2011,      0.07024546
22/01/2011,      0.12300000
23/01/2011,      0.12868100
24/01/2011,      0.15093838
25/01/2011,      0.07864417
26/01/2011,      0.09852550
27/01/2011,      0.07515658
28/01/2011,      0.06718008
29/01/2011,      0.05991000
30/01/2011,      0.05991000
31/01/2011,      0.05991000
1/02/2011,      0.05602133
2/02/2011,      0.04763000
3/02/2011,      0.05254200
4/02/2011,      1.76852617
5/02/2011,     12.55918383
6/02/2011,     10.15567500
7/02/2011,      0.49043075
8/02/2011,      0.25474333
9/02/2011,      0.17781683
10/02/2011,      0.14817733
11/02/2011,      0.19411583
12/02/2011,      0.15989225
13/02/2011,      0.10747658
14/02/2011,      0.10183000
15/02/2011,      0.08959000
16/02/2011,      0.12851192
17/02/2011,      0.22842458
18/02/2011,      0.11647008
19/02/2011,      0.31983100
20/02/2011,      0.14208683
21/02/2011,      0.13027317
22/02/2011,      0.10327983
23/02/2011,      0.08959000
24/02/2011,      0.07954383
25/02/2011,      0.07433000
26/02/2011,      0.06808133
27/02/2011,      0.15398042
28/02/2011,      0.09940908
1/03/2011,      0.10574700
2/03/2011,      0.08769667
3/03/2011,      0.07312833
4/03/2011,      0.07721967
5/03/2011,      0.08078550
6/03/2011,      0.06015033
7/03/2011,      0.05991000
8/03/2011,      0.05714700
9/03/2011,      0.06115883
10/03/2011,      0.21359875
11/03/2011,      0.09051300
12/03/2011,      0.06399567
13/03/2011,      0.36612108
14/03/2011,      0.25785692
15/03/2011,      0.10364167
16/03/2011,      0.07649183
17/03/2011,      0.06459650
18/03/2011,      0.06003017
19/03/2011,      0.05991000
20/03/2011,      0.05991000
21/03/2011,      0.05898900
22/03/2011,      0.05991000
23/03/2011,      0.05622600
24/03/2011,      0.35262817
25/03/2011,      0.81037983
26/03/2011,      0.19243321
27/03/2011,      0.14073892
28/03/2011,      0.11438379
29/03/2011,      0.09540358
30/03/2011,      0.07852650
31/03/2011,      0.07354892
1/04/2011,      0.06940317
2/04/2011,      0.06087133
3/04/2011,      0.05991000
4/04/2011,      0.06447633
5/04/2011,      0.06159233
6/04/2011,      0.05991000
7/04/2011,      0.05991000
8/04/2011,      0.05750517
9/04/2011,      0.14118612
10/04/2011,      0.44666817
11/04/2011,      0.10968813
12/04/2011,      0.76041767
13/04/2011,      0.45927883
14/04/2011,      0.52441921
15/04/2011,      0.23043812
16/04/2011,      0.16203721
17/04/2011,      0.13667925
18/04/2011,      0.11865629
19/04/2011,      0.10040200
20/04/2011,      0.12846000
21/04/2011,      0.20107950
22/04/2011,      0.21828788
23/04/2011,      0.11718571
24/04/2011,      0.10536600
25/04/2011,      0.09047400
26/04/2011,      0.08959000
27/04/2011,      0.08959000
28/04/2011,      0.08545708
29/04/2011,      0.07433000
30/04/2011,      0.07433000
1/05/2011,      0.07433000
2/05/2011,      0.11917617
3/05/2011,      0.08745558
4/05/2011,      0.07649183
5/05/2011,      0.07433000
6/05/2011,      0.07433000
7/05/2011,      0.07336867
8/05/2011,      0.07833575
9/05/2011,      0.07452075
10/05/2011,      0.06579817
11/05/2011,      0.29913458
12/05/2011,      0.29599779
13/05/2011,      0.48371942
14/05/2011,      1.22358846
15/05/2011,      0.49760525
16/05/2011,      0.26944237
17/05/2011,      0.19255413
18/05/2011,      0.16423675
19/05/2011,      0.14503067
20/05/2011,      0.12853150
21/05/2011,      0.11630642
22/05/2011,      0.10591000
23/05/2011,      0.27552767
24/05/2011,      0.49013125
25/05/2011,      0.29595967
26/05/2011,      0.29185425
27/05/2011,      0.30539483
28/05/2011,      0.23809467
29/05/2011,      0.18613850
30/05/2011,      0.16112867
31/05/2011,      0.14172667
1/06/2011,      0.13197000
2/06/2011,      0.12200308
3/06/2011,      0.11260358
4/06/2011,      0.10690692
5/06/2011,      0.11413850
6/06/2011,      0.14470958
7/06/2011,      0.18162025
8/06/2011,      0.65270687
9/06/2011,      0.38393408
10/06/2011,      0.21807533
11/06/2011,      0.17094367
12/06/2011,      0.14408667
13/06/2011,      0.13660450
14/06/2011,      0.11573675
15/06/2011,      0.10591000
16/06/2011,      0.10591000
17/06/2011,      0.28513342
18/06/2011,      0.19077258
19/06/2011,      0.16803392
20/06/2011,      0.13346500
21/06/2011,      0.54116450
22/06/2011,      0.23982258
23/06/2011,      0.21274875
24/06/2011,      0.17194100
25/06/2011,      0.15714533
26/06/2011,      0.12678450
27/06/2011,      0.10761900
28/06/2011,      0.10591000
29/06/2011,      0.10414200
30/06/2011,      0.09516600
1/07/2011,      0.09108600
2/07/2011,      0.08959000
3/07/2011,      0.08959000
4/07/2011,      0.11070675
5/07/2011,      0.10230500
6/07/2011,      0.13359583
7/07/2011,      0.48864008
8/07/2011,      0.24094167
9/07/2011,      0.17486967
10/07/2011,      0.23443217
11/07/2011,      0.25784129
12/07/2011,      0.17809625
13/07/2011,      0.17812217
14/07/2011,      0.22348092
15/07/2011,      0.16158050
16/07/2011,      0.13910000
17/07/2011,      0.13419675
18/07/2011,      0.58968083
19/07/2011,      0.24504588
20/07/2011,      0.24205583
21/07/2011,      0.18122000
22/07/2011,      0.16799183
23/07/2011,      0.13898783
24/07/2011,      0.18548742
25/07/2011,      0.16332858
26/07/2011,      0.24712833
27/07/2011,      0.19915850
28/07/2011,      0.15277171
29/07/2011,      0.13530317
30/07/2011,      0.11827050
31/07/2011,      0.11783000
1/08/2011,      0.11783000
2/08/2011,      0.11542429
3/08/2011,      0.10054662
4/08/2011,      0.10001862
5/08/2011,      0.09963279
6/08/2011,      0.24522617
7/08/2011,      0.21915358
8/08/2011,      0.13101350
9/08/2011,      0.11904833
10/08/2011,      0.28199167
11/08/2011,      0.25493533
12/08/2011,      0.15064775
13/08/2011,      0.12785883
14/08/2011,      0.11444000
15/08/2011,      0.10068733
16/08/2011,      0.11444000
17/08/2011,      0.30646958
18/08/2011,      0.21636000
19/08/2011,      0.15224217
20/08/2011,      0.12314000
21/08/2011,      0.10925596
22/08/2011,      0.09624967
23/08/2011,      0.09597000
24/08/2011,      0.09597000
25/08/2011,      0.09597000
26/08/2011,      0.08675775
27/08/2011,      0.08649825
28/08/2011,      0.08299500
29/08/2011,      0.08077875
30/08/2011,      0.07909988
31/08/2011,      0.07892000
1/09/2011,      0.08059267
2/09/2011,      0.07892000
3/09/2011,      0.07892000
4/09/2011,      0.07125267
5/09/2011,      0.07088167
6/09/2011,      0.07553350
7/09/2011,      0.07485192
8/09/2011,      0.06745400
9/09/2011,      0.23945242
10/09/2011,      0.13420900
11/09/2011,      0.26064125
12/09/2011,      0.12235958
13/09/2011,      0.08878942
14/09/2011,      0.07841467
15/09/2011,      0.07444458
16/09/2011,      0.07257175
17/09/2011,      0.06771508
18/09/2011,      0.06601525
19/09/2011,      0.06431542
20/09/2011,      0.24908617
21/09/2011,      0.10707958
22/09/2011,      0.07674367
23/09/2011,      0.07129283
24/09/2011,      0.06495700
25/09/2011,      0.06267383
26/09/2011,      0.05991000
27/09/2011,      0.05991000
28/09/2011,      0.37132075
29/09/2011,      0.93373642
30/09/2011,      0.74220592
1/10/2011,      0.71791967
2/10/2011,      0.32372000
3/10/2011,      0.17747383
4/10/2011,      0.13786317
5/10/2011,      0.11388533
6/10/2011,      0.09802200
7/10/2011,      0.09067800
8/10/2011,      0.09611800
9/10/2011,      0.14260700
10/10/2011,      0.10469658
11/10/2011,      0.10640050
12/10/2011,      0.09557400
13/10/2011,      0.08552067
14/10/2011,      0.07738200
15/10/2011,      0.07611033
16/10/2011,      0.08690717
17/10/2011,      0.07433000
18/10/2011,      0.07036450
19/10/2011,      0.06603850
20/10/2011,      0.06327467
21/10/2011,      0.07796133
22/10/2011,      0.11496908
23/10/2011,      0.10566508
24/10/2011,      0.11445392
25/10/2011,      0.11446192
26/10/2011,      0.07168633
27/10/2011,      0.05991000
28/10/2011,      0.14659075
29/10/2011,      0.31838683
30/10/2011,      0.52138650
31/10/2011,      0.22416317
1/11/2011,      0.12109825
2/11/2011,      0.18667825
3/11/2011,      0.12542783
4/11/2011,      0.09992600
5/11/2011,      0.08869983
6/11/2011,      0.07433000
7/11/2011,      0.07433000
8/11/2011,      0.40353283
9/11/2011,      1.29790642
10/11/2011,      2.17120517
11/11/2011,      0.26641792
12/11/2011,      0.17562692
13/11/2011,      0.13898017
14/11/2011,      0.14019117
15/11/2011,      0.10647967
16/11/2011,      0.24769983
17/11/2011,      0.11573675
18/11/2011,      0.11548508
19/11/2011,      0.38183092
20/11/2011,      0.23757192
21/11/2011,      0.11893367
22/11/2011,      0.10523000
23/11/2011,      0.09135800
24/11/2011,      0.08959000
25/11/2011,      0.08959000
26/11/2011,      1.03593158
27/11/2011,      4.30732958
28/11/2011,      0.42144900
29/11/2011,      0.26303350
30/11/2011,      0.42390775
1/12/2011,      0.29476183
2/12/2011,      0.20549750
3/12/2011,      0.16240000
4/12/2011,      0.14036067
5/12/2011,      0.12544733
6/12/2011,      0.11452067
7/12/2011,      0.11313000
8/12/2011,      0.10811750
9/12/2011,      0.25297292
10/12/2011,      0.31671225
11/12/2011,      1.08758583
12/12/2011,      0.31165267
13/12/2011,      0.20034083
14/12/2011,      0.15985700
15/12/2011,      0.13657275
16/12/2011,      0.11769933
17/12/2011,      0.11313000
18/12/2011,      0.11095792
19/12/2011,      0.15526267
20/12/2011,      0.11079083
21/12/2011,      0.09308000
22/12/2011,      0.09308000
23/12/2011,      0.07723508
24/12/2011,      0.07531000
25/12/2011,      0.17465858
26/12/2011,      0.26851783
27/12/2011,      0.10762950
28/12/2011,      0.08804517
29/12/2011,      0.07531000
30/12/2011,      0.07531000
31/12/2011,      0.06935667
1/01/2012,      0.06011000
2/01/2012,      0.06011000
3/01/2012,      0.06011000
4/01/2012,      0.09067400
5/01/2012,      0.06226333
6/01/2012,      0.06011000
7/01/2012,      0.05709400
8/01/2012,      0.26809800
9/01/2012,      0.09762408
10/01/2012,      0.07578933
11/01/2012,      0.18586987
12/01/2012,      0.09865446
13/01/2012,      0.07531000
14/01/2012,      0.07220667
15/01/2012,      0.06340333
16/01/2012,      0.06011000
17/01/2012,      0.05964200
18/01/2012,      0.05423400
19/01/2012,      0.05225800
20/01/2012,      0.04763000
21/01/2012,      0.05387000
22/01/2012,      0.05064600
23/01/2012,      0.04763000
24/01/2012,      0.04763000
25/01/2012,      0.04763000
26/01/2012,      0.04763000
27/01/2012,      0.04763000
28/01/2012,      0.04371029
29/01/2012,      0.03820508
30/01/2012,      0.08050958
31/01/2012,      0.09007017
1/02/2012,      0.06011000
2/02/2012,      0.05917400
3/02/2012,      0.05600200
4/02/2012,      0.05127000
5/02/2012,      0.09296737
6/02/2012,      0.10524471
7/02/2012,      0.06011000
8/02/2012,      0.05433800
9/02/2012,      0.04763000
10/02/2012,      0.04763000
11/02/2012,      0.09060721
12/02/2012,      0.07250038
13/02/2012,      0.05735400
14/02/2012,      0.05147800
15/02/2012,      0.04763000
16/02/2012,      0.26196875
17/02/2012,      0.25901567
18/02/2012,      0.08948633
19/02/2012,      0.07455000
20/02/2012,      0.07096142
21/02/2012,      0.06239000
22/02/2012,      0.06150333
23/02/2012,      0.05800067
24/02/2012,      0.05870600
25/02/2012,      0.05621000
26/02/2012,      0.05017800
27/02/2012,      0.29974775
28/02/2012,      0.42735462
29/02/2012,      0.12089617
1/03/2012,      0.25998008
2/03/2012,      0.11340721
3/03/2012,      0.20189383
4/03/2012,      0.41278642
5/03/2012,      0.19946533
6/03/2012,      0.13187758
7/03/2012,      0.09771279
8/03/2012,      0.07716104
9/03/2012,      0.07945633
10/03/2012,      0.09043938
11/03/2012,      0.07449829
12/03/2012,      0.06378333
13/03/2012,      0.06011000
14/03/2012,      0.06011000
15/03/2012,      0.08563367
16/03/2012,      0.20604317
17/03/2012,      0.08317833
18/03/2012,      0.07310142
19/03/2012,      0.06193650
20/03/2012,      0.06005775
21/03/2012,      0.13061175
22/03/2012,      0.09231733
23/03/2012,      0.08242162
24/03/2012,      0.09608825
25/03/2012,      0.06965500
26/03/2012,      0.05814625
27/03/2012,      0.04974967
28/03/2012,      0.04539000
29/03/2012,      0.04539000
30/03/2012,      0.04539000
31/03/2012,      0.04390683
1/04/2012,      0.04428000
2/04/2012,      0.04428000
3/04/2012,      0.04428000
4/04/2012,      0.04428000
5/04/2012,      0.04428000
6/04/2012,      0.04428000
7/04/2012,      0.06235413
8/04/2012,      0.04385908
9/04/2012,      0.11686975
10/04/2012,      0.08530617
11/04/2012,      0.05669433
12/04/2012,      0.05236600
13/04/2012,      0.04605750
14/04/2012,      0.04253154
15/04/2012,      0.04211000
16/04/2012,      0.04211000
17/04/2012,      0.04211000
18/04/2012,      0.04211000
19/04/2012,      0.04211000
20/04/2012,      0.05742892
21/04/2012,      0.04803892
22/04/2012,      0.14719075
23/04/2012,      0.17591033
24/04/2012,      0.42100808
25/04/2012,      0.73547808
26/04/2012,      0.26434133
27/04/2012,      0.16961892
28/04/2012,      0.10113029
29/04/2012,      0.09171658
30/04/2012,      0.06567575
1/05/2012,      0.06449000
2/05/2012,      0.39381958
3/05/2012,      0.69805992
4/05/2012,      0.34778275
5/05/2012,      0.18390325
6/05/2012,      0.16618667
7/05/2012,      0.11657458
8/05/2012,      0.09386000
9/05/2012,      0.07856000
10/05/2012,      0.07856000
11/05/2012,      0.07635708
12/05/2012,      0.07127817
13/05/2012,      0.36069825
14/05/2012,      0.20075500
15/05/2012,      0.20122458
16/05/2012,      0.13605300
17/05/2012,      0.10944708
18/05/2012,      0.09499000
19/05/2012,      0.10262392
20/05/2012,      0.08982217
21/05/2012,      0.07531000
22/05/2012,      0.07436000
23/05/2012,      0.06378333
24/05/2012,      0.06011000
25/05/2012,      1.00395208
26/05/2012,      0.62263425
27/05/2012,      0.29657158
28/05/2012,      0.20911225
29/05/2012,      0.16113783
30/05/2012,      0.13160600
31/05/2012,      0.11179333
1/06/2012,      0.10243667
2/06/2012,      0.09308000
3/06/2012,      0.09308000
4/06/2012,      0.91203267
5/06/2012,      0.88359942
6/06/2012,      0.28136767
7/06/2012,      0.20137167
8/06/2012,      0.20275233
9/06/2012,      0.34916333
10/06/2012,      0.24018558
11/06/2012,      0.18912083
12/06/2012,      0.15434717
13/06/2012,      0.13120867
14/06/2012,      0.11313000
15/06/2012,      0.11313000
16/06/2012,      0.09876083
17/06/2012,      0.10100017
18/06/2012,      0.11349983
19/06/2012,      0.13149108
20/06/2012,      0.09993042
21/06/2012,      2.02735242
22/06/2012,      5.08796792
23/06/2012,      0.64306846
24/06/2012,      0.33648142
25/06/2012,      0.25522517
26/06/2012,      0.21703208
27/06/2012,      0.17799358
28/06/2012,      0.16080150
29/06/2012,      0.15982000
30/06/2012,      0.15958800
1/07/2012,      0.22730717
2/07/2012,      1.11660092
3/07/2012,      1.00576767
4/07/2012,      0.50758967
5/07/2012,      0.33138308
6/07/2012,      0.25632058
7/07/2012,      0.21588575
8/07/2012,      0.19265550
9/07/2012,      0.17715983
10/07/2012,      0.17673967
11/07/2012,      0.26364958
12/07/2012,      0.20167483
13/07/2012,      0.28619208
14/07/2012,      0.21738158
15/07/2012,      0.48475425
16/07/2012,      0.29163150
17/07/2012,      0.19753325
18/07/2012,      0.18660342
19/07/2012,      0.16015342
20/07/2012,      0.14094000
21/07/2012,      0.14094000
22/07/2012,      0.12359800
23/07/2012,      0.12300000
24/07/2012,      0.11943958
25/07/2012,      0.11117942
26/07/2012,      0.16316333
27/07/2012,      0.15179600
28/07/2012,      0.14597467
29/07/2012,      0.17356467
30/07/2012,      0.17221542
31/07/2012,      0.14691867
1/08/2012,      0.12471925
2/08/2012,      0.12300000
3/08/2012,      0.11815783
4/08/2012,      0.12253550
5/08/2012,      0.11624083
6/08/2012,      0.12821758
7/08/2012,      0.10719175
8/08/2012,      0.23888958
9/08/2012,      0.31281292
10/08/2012,      0.70036792
11/08/2012,      0.43001933
12/08/2012,      0.25456633
13/08/2012,      0.19551775
14/08/2012,      0.27200783
15/08/2012,      0.33039833
16/08/2012,      0.23087092
17/08/2012,      0.38156508
18/08/2012,      0.69851017
19/08/2012,      0.63656392
20/08/2012,      0.31548700
21/08/2012,      0.23343725
22/08/2012,      0.19351300
23/08/2012,      0.17290142
24/08/2012,      0.18299842
25/08/2012,      0.16793850
26/08/2012,      0.15258267
27/08/2012,      0.13884700
28/08/2012,      0.12853150
29/08/2012,      0.12584833
30/08/2012,      0.17861917
31/08/2012,      0.55672975
1/09/2012,      0.21588725
2/09/2012,      0.17094367
3/09/2012,      0.14156933
4/09/2012,      0.13167100
5/09/2012,      0.12279308
6/09/2012,      0.15077167
7/09/2012,      0.38896850
8/09/2012,      0.17618100
9/09/2012,      0.15140525
10/09/2012,      0.13570750
11/09/2012,      0.12300000
12/09/2012,      0.14388383
13/09/2012,      0.47983642
14/09/2012,      0.17767700
15/09/2012,      0.15976267
16/09/2012,      0.14049150
17/09/2012,      0.14525850
18/09/2012,      0.13256800
19/09/2012,      0.13159625
20/09/2012,      0.12300000
21/09/2012,      0.18118746
22/09/2012,      0.14315954
23/09/2012,      0.12300000
24/09/2012,      0.12218054
25/09/2012,      0.10804625
26/09/2012,      0.10591000
27/09/2012,      0.10149000
28/09/2012,      0.28319442
29/09/2012,      0.22084479
30/09/2012,      0.15619667
1/10/2012,      0.11922596
2/10/2012,      0.10726296
3/10/2012,      0.10591000
4/10/2012,      0.09496200
5/10/2012,      0.09258200
6/10/2012,      0.11064271
7/10/2012,      0.18013100
8/10/2012,      0.12268963
9/10/2012,      0.11399867
10/10/2012,      0.34293625
11/10/2012,      0.14507496
12/10/2012,      0.13880346
13/10/2012,      0.49620650
14/10/2012,      0.20507121
15/10/2012,      0.13977075
16/10/2012,      0.14931975
17/10/2012,      0.15873050
18/10/2012,      0.11623521
19/10/2012,      0.10833108
20/10/2012,      0.10591000
21/10/2012,      0.09577800
22/10/2012,      0.10720075
23/10/2012,      0.09061000
24/10/2012,      0.08959000
25/10/2012,      0.09129000
26/10/2012,      0.15371887
27/10/2012,      0.17327496
28/10/2012,      0.10094600
29/10/2012,      0.08959000
30/10/2012,      0.08959000
31/10/2012,      0.07909875
1/11/2012,      0.23858850
2/11/2012,      0.15785221
3/11/2012,      0.10196600
4/11/2012,      0.08959000
5/11/2012,      0.07509300
6/11/2012,      0.09304083
7/11/2012,      0.09788600
8/11/2012,      0.09380600
9/11/2012,      0.08539350
10/11/2012,      0.09217400
11/11/2012,      0.07547450
12/11/2012,      0.07433000
13/11/2012,      0.07433000
14/11/2012,      0.07433000
15/11/2012,      0.07433000
16/11/2012,      0.07433000
17/11/2012,      0.07433000
18/11/2012,      0.09686558
19/11/2012,      0.08642850
20/11/2012,      0.07433000
21/11/2012,      0.07433000
22/11/2012,      0.07433000
23/11/2012,      0.07433000
24/11/2012,      0.07433000
25/11/2012,      0.07433000
26/11/2012,      0.07433000
27/11/2012,      0.31229583
28/11/2012,      0.10086467
29/11/2012,      0.07168633
30/11/2012,      0.05991000
1/12/2012,      0.13987892
2/12/2012,      0.07108550
3/12/2012,      0.05991000
4/12/2012,      0.10087717
5/12/2012,      0.17472450
6/12/2012,      0.10381783
7/12/2012,      0.07355183
8/12/2012,      0.06159233
9/12/2012,      0.05991000
10/12/2012,      0.05970533
11/12/2012,      0.05806800
12/12/2012,      0.05622600
13/12/2012,      0.04967667
14/12/2012,      0.05971317
15/12/2012,      0.12705758
16/12/2012,      0.06699983
17/12/2012,      0.06085817
18/12/2012,      0.05059767
19/12/2012,      0.04763000
20/12/2012,      0.09672867
21/12/2012,      0.05233733
22/12/2012,      0.04763000
23/12/2012,      0.04763000
24/12/2012,      0.04419475
25/12/2012,      0.04763000
26/12/2012,      0.04507558
27/12/2012,      0.04093567
28/12/2012,      0.04269733
29/12/2012,      0.04763000
30/12/2012,      0.04630875
31/12/2012,      0.04313775
1/01/2013,      0.04525175
2/01/2013,      0.04763000
3/01/2013,      0.04199267
4/01/2013,      0.03706000
5/01/2013,      0.03259175
6/01/2013,      0.03281150
7/01/2013,      0.03647400
8/01/2013,      0.03706000
9/01/2013,      0.05605550
10/01/2013,      0.03838125
11/01/2013,      0.03515550
12/01/2013,      0.03105350
13/01/2013,      0.02907575
14/01/2013,      0.03427650
15/01/2013,      0.03434975
16/01/2013,      0.03185925
17/01/2013,      0.02827000
18/01/2013,      0.02827000
19/01/2013,      0.02827000
20/01/2013,      0.02892925
21/01/2013,      0.03032100
22/01/2013,      0.02827000
23/01/2013,      0.02870950
24/01/2013,      0.02827000
25/01/2013,      0.02827000
26/01/2013,      0.02827000
27/01/2013,      0.03032100
28/01/2013,      0.03493575
29/01/2013,      0.04299217
30/01/2013,      0.04533983
31/01/2013,      0.06182908
1/02/2013,      0.11592492
2/02/2013,      0.04675825
3/02/2013,      0.03706000
4/02/2013,      0.03776467
5/02/2013,      0.03706000
6/02/2013,      0.03706000
7/02/2013,      0.03163950
8/02/2013,      0.02827000
9/02/2013,      0.02827000
10/02/2013,      0.02980825
11/02/2013,      0.03193250
12/02/2013,      0.03076050
13/02/2013,      0.03544850
14/02/2013,      0.04226233
15/02/2013,      0.03493758
16/02/2013,      0.02827000
17/02/2013,      0.02669617
18/02/2013,      0.02109000
19/02/2013,      0.02109000
20/02/2013,      0.02647500
21/02/2013,      0.02994083
22/02/2013,      0.03339750
23/02/2013,      0.02827000
24/02/2013,      0.02623567
25/02/2013,      0.02240633
26/02/2013,      0.29476392
27/02/2013,      0.15828167
28/02/2013,      0.14709742
1/03/2013,      0.05722767
2/03/2013,      0.04287350
3/03/2013,      0.03706000
4/03/2013,      0.03706000
5/03/2013,      0.03706000
6/03/2013,      0.03383700
7/03/2013,      0.02929550
8/03/2013,      0.02827000
9/03/2013,      0.02827000
10/03/2013,      0.02827000
11/03/2013,      0.02827000
12/03/2013,      0.02479967
13/03/2013,      0.02180800
14/03/2013,      0.02150883
15/03/2013,      0.02276533
16/03/2013,      0.06625908
17/03/2013,      0.08713517
18/03/2013,      0.03706000
19/03/2013,      0.03530200
20/03/2013,      0.03193250
21/03/2013,      0.04891900
22/03/2013,      0.04318350
23/03/2013,      0.03464275
24/03/2013,      0.02988150
25/03/2013,      0.03017450
26/03/2013,      0.02827000
27/03/2013,      0.02827000
28/03/2013,      0.27625562
29/03/2013,      0.07277521
30/03/2013,      0.04375433
31/03/2013,      0.08403671
1/04/2013,      0.05821575
2/04/2013,      0.05562233
3/04/2013,      0.06195408
4/04/2013,      0.04450304
5/04/2013,      0.03714808
6/04/2013,      0.03706000
7/04/2013,      0.03706000
8/04/2013,      0.03706000
9/04/2013,      0.03706000
10/04/2013,      0.03706000
11/04/2013,      0.03251850
12/04/2013,      0.03706000
13/04/2013,      0.03277488
14/04/2013,      0.04381400
15/04/2013,      0.10597125
16/04/2013,      0.05822367
17/04/2013,      0.03710404
18/04/2013,      0.08619021
19/04/2013,      0.06718550
20/04/2013,      0.03868954
21/04/2013,      0.03706000
22/04/2013,      0.03785275
23/04/2013,      0.06486963
24/04/2013,      0.04375433
25/04/2013,      0.04379838
26/04/2013,      0.03706000
27/04/2013,      0.03218888
28/04/2013,      0.02827000
29/04/2013,      0.02900250
30/04/2013,      0.02848975
1/05/2013,      0.03535758
2/05/2013,      0.04388646
3/05/2013,      0.03130988
4/05/2013,      0.05006608
5/05/2013,      0.03542808
6/05/2013,      0.03098025
7/05/2013,      0.03134650
8/05/2013,      0.02988150
9/05/2013,      0.02827000
10/05/2013,      0.02827000
11/05/2013,      0.02827000
12/05/2013,      0.02985242
13/05/2013,      0.05801050
14/05/2013,      0.04267950
15/05/2013,      0.06571279
16/05/2013,      0.19209917
17/05/2013,      0.23053471
18/05/2013,      0.13436433
19/05/2013,      0.11020800
20/05/2013,      0.11622808
21/05/2013,      0.10823842
22/05/2013,      0.06153225
23/05/2013,      0.04921617
24/05/2013,      0.04696937
25/05/2013,      0.03706000
26/05/2013,      0.03706000
27/05/2013,      0.03706000
28/05/2013,      0.03706000
29/05/2013,      0.03706000
30/05/2013,      0.04454896
31/05/2013,      0.06697246
1/06/2013,      3.43782437
2/06/2013,      0.29653317
3/06/2013,      0.15047221
4/06/2013,      0.14273283
5/06/2013,      0.10274546
6/06/2013,      0.08507558
7/06/2013,      0.56900379
8/06/2013,      0.25344925
9/06/2013,      0.13948742
10/06/2013,      0.10954163
11/06/2013,      0.09210600
12/06/2013,      0.11915629
13/06/2013,      0.30679712
14/06/2013,      2.02250575
15/06/2013,      0.33459762
16/06/2013,      0.21466921
17/06/2013,      0.23814762
18/06/2013,      0.27685321
19/06/2013,      0.17697913
20/06/2013,      0.14542400
21/06/2013,      0.12560171
22/06/2013,      0.10591000
23/06/2013,      0.10040200
24/06/2013,      0.08959000
25/06/2013,      0.08959000
26/06/2013,      0.08959000
27/06/2013,      0.08558425
28/06/2013,      0.07433000
29/06/2013,      0.07433000
30/06/2013,      0.07477508
1/07/2013,      0.08265942
2/07/2013,      0.08717383
3/07/2013,      0.07471150
4/07/2013,      0.07454817
5/07/2013,      0.07483867
6/07/2013,      0.07668525
7/07/2013,      0.09346250
8/07/2013,      0.09926042
9/07/2013,      0.07433000
10/07/2013,      0.07433000
11/07/2013,      0.07324850
12/07/2013,      0.06633892
13/07/2013,      0.05991000
14/07/2013,      0.14113400
15/07/2013,      0.08595958
16/07/2013,      0.06778092
17/07/2013,      0.05991000
18/07/2013,      0.10828233
19/07/2013,      0.22076371
20/07/2013,      0.58319450
21/07/2013,      0.28167971
22/07/2013,      0.14505696
23/07/2013,      0.16315250
24/07/2013,      0.11125063
25/07/2013,      0.08993000
26/07/2013,      0.07680975
27/07/2013,      0.07433000
28/07/2013,      0.06303433
29/07/2013,      0.09074633
30/07/2013,      0.13397979
31/07/2013,      0.08935771
1/08/2013,      0.08512583
2/08/2013,      0.07350867
3/08/2013,      0.22870954
4/08/2013,      0.28798296
5/08/2013,      0.18951950
6/08/2013,      0.27512137
7/08/2013,      0.24139775
8/08/2013,      0.57927763
9/08/2013,      0.33556154
10/08/2013,      0.23751192
11/08/2013,      0.16010546
12/08/2013,      0.13787525
13/08/2013,      0.13320413
14/08/2013,      0.10591000
15/08/2013,      0.10094600
16/08/2013,      0.08736458
17/08/2013,      0.07839933
18/08/2013,      0.08419017
19/08/2013,      0.08047375
20/08/2013,      0.07433000
21/08/2013,      0.08455283
22/08/2013,      0.08838404
23/08/2013,      0.41930542
24/08/2013,      0.45858683
25/08/2013,      0.19158333
26/08/2013,      0.13885808
27/08/2013,      0.11409896
28/08/2013,      0.09414600
29/08/2013,      0.09766758
30/08/2013,      0.11066500
31/08/2013,      0.10283675
1/09/2013,      0.07490225
2/09/2013,      0.07102542
3/09/2013,      0.06507717
4/09/2013,      0.06027050
5/09/2013,      0.07279658
6/09/2013,      0.07431717
7/09/2013,      0.05991000
8/09/2013,      0.05730050
9/09/2013,      0.04763000
10/09/2013,      0.04773233
11/09/2013,      0.04844867
12/09/2013,      0.06046550
13/09/2013,      0.04962550
14/09/2013,      0.04763000
15/09/2013,      0.04763000
16/09/2013,      0.10275867
17/09/2013,      0.28021425
18/09/2013,      0.28938825
19/09/2013,      1.05312517
20/09/2013,      0.31465996
21/09/2013,      0.19106825
22/09/2013,      0.14067558
23/09/2013,      0.10798663
24/09/2013,      0.08666517
25/09/2013,      0.07433000
26/09/2013,      0.56497200
27/09/2013,      0.20010292
28/09/2013,      0.17494892
29/09/2013,      0.10648804
30/09/2013,      0.08959000
1/10/2013,      0.24179467
2/10/2013,      0.15402796
3/10/2013,      0.31533225
4/10/2013,      0.17387650
5/10/2013,      0.11418621
6/10/2013,      0.08959000
7/10/2013,      0.08736458
8/10/2013,      0.07903517
9/10/2013,      0.07426992
10/10/2013,      0.09808388
11/10/2013,      0.09000687
12/10/2013,      0.07102542
13/10/2013,      0.10273679
14/10/2013,      0.17693625
15/10/2013,      0.10856979
16/10/2013,      0.07684067
17/10/2013,      0.07356600
18/10/2013,      0.05939833
19/10/2013,      0.05576550
20/10/2013,      0.04763000
21/10/2013,      0.04763000
22/10/2013,      0.06290412
23/10/2013,      0.31449033
24/10/2013,      0.27824758
25/10/2013,      0.16343175
26/10/2013,      0.10661121
27/10/2013,      0.08959000
28/10/2013,      0.07820858
29/10/2013,      0.08513917
30/10/2013,      0.07433000
31/10/2013,      0.07078508
1/11/2013,      0.06303433
2/11/2013,      0.05991000
3/11/2013,      0.05632833
4/11/2013,      0.05791450
5/11/2013,      0.04967667
6/11/2013,      0.04763000
7/11/2013,      0.04763000
8/11/2013,      0.05013717
9/11/2013,      0.35012429
10/11/2013,      0.16529404
11/11/2013,      0.08732842
12/11/2013,      0.09390500
13/11/2013,      1.41176538
14/11/2013,      2.17741771
15/11/2013,      0.47953167
16/11/2013,      0.27397696
17/11/2013,      0.20065788
18/11/2013,      0.17266129
19/11/2013,      0.13805575
20/11/2013,      0.10655088
21/11/2013,      0.10647967
22/11/2013,      0.10353000
23/11/2013,      0.17127421
24/11/2013,      0.17099542
25/11/2013,      0.12827188
26/11/2013,      0.10217000
27/11/2013,      0.08959000
28/11/2013,      0.11841337
29/11/2013,      0.14813029
30/11/2013,      0.09754600
1/12/2013,      0.08901775
2/12/2013,      0.07598317
3/12/2013,      0.07433000
4/12/2013,      0.48840133
5/12/2013,      0.46141767
6/12/2013,      0.33388192
7/12/2013,      0.16579212
8/12/2013,      0.12666275
9/12/2013,      0.23591267
10/12/2013,      0.18882517
11/12/2013,      0.14927675
12/12/2013,      0.12244021
13/12/2013,      0.10461800
14/12/2013,      0.09244600
15/12/2013,      0.08959000
16/12/2013,      0.08959000
17/12/2013,      0.08959000
18/12/2013,      0.08405825
19/12/2013,      0.08068833
20/12/2013,      0.07420983
21/12/2013,      0.06778092
22/12/2013,      0.06882625
23/12/2013,      0.10323717
24/12/2013,      0.08723658
25/12/2013,      0.07420983
26/12/2013,      0.06309442
27/12/2013,      0.06015033
28/12/2013,      0.06231333
29/12/2013,      0.05991000
30/12/2013,      0.05991000
31/12/2013,      0.05991000
1/01/2014,      0.11588833
2/01/2014,      0.15527825
3/01/2014,      0.07528375
4/01/2014,      0.06453642
5/01/2014,      0.06141208
6/01/2014,      0.06850192
7/01/2014,      0.06003017
8/01/2014,      0.05991000
9/01/2014,      0.05991000
10/01/2014,      0.05991000
11/01/2014,      0.05991000
12/01/2014,      0.05678883
13/01/2014,      0.04957433
14/01/2014,      0.04824400
15/01/2014,      0.04763000
16/01/2014,      0.04763000
17/01/2014,      0.04023100
18/01/2014,      0.03811700
19/01/2014,      0.04710150
20/01/2014,      0.04763000
21/01/2014,      0.04763000
22/01/2014,      0.04763000
23/01/2014,      0.04304967
24/01/2014,      0.07321525
25/01/2014,      0.05996283
26/01/2014,      0.04507558
27/01/2014,      0.03864550
28/01/2014,      0.03706000
29/01/2014,      0.03706000
30/01/2014,      0.03706000
31/01/2014,      0.03706000
1/02/2014,      0.03706000
2/02/2014,      0.03610775
3/02/2014,      0.03163950
4/02/2014,      0.03291442
5/02/2014,      0.03904188
6/02/2014,      0.03574150
7/02/2014,      0.03002800
8/02/2014,      0.02827000
9/02/2014,      0.02755200
10/02/2014,      0.02617583
11/02/2014,      0.02827000
12/02/2014,      0.02827000
13/02/2014,      0.02827000
14/02/2014,      0.02827000
15/02/2014,      0.02827000
16/02/2014,      0.04557104
17/02/2014,      0.03094363
18/02/2014,      0.02827000
19/02/2014,      0.07014871
20/02/2014,      0.29249458
21/02/2014,      0.06602333
22/02/2014,      0.05377000
23/02/2014,      0.03996675
24/02/2014,      0.03706000
25/02/2014,      0.03802892
26/02/2014,      0.04181650
27/02/2014,      0.03706000
28/02/2014,      0.03273825
1/03/2014,      0.02837988
2/03/2014,      0.03423988
3/03/2014,      0.02999138
4/03/2014,      0.02834325
5/03/2014,      0.02827000
6/03/2014,      0.03032100
7/03/2014,      0.02827000
8/03/2014,      0.03090700
9/03/2014,      0.03032100
10/03/2014,      0.02827000
11/03/2014,      0.03021433
12/03/2014,      0.04823554
13/03/2014,      0.03409338
14/03/2014,      0.02914900
15/03/2014,      0.06569996
16/03/2014,      0.11250187
17/03/2014,      0.04554904
18/03/2014,      0.03706000
19/03/2014,      0.03188825
20/03/2014,      0.02713317
21/03/2014,      0.04959667
22/03/2014,      0.03598067
23/03/2014,      0.02827000
24/03/2014,      0.02827000
25/03/2014,      0.02827000
26/03/2014,      0.02827000
27/03/2014,      0.05747025
28/03/2014,      0.04084758
29/03/2014,      0.03303125
30/03/2014,      0.02827000
31/03/2014,      0.02827000
1/04/2014,      0.02653483
2/04/2014,      0.02109000
3/04/2014,      0.03062450
4/04/2014,      0.03083375
5/04/2014,      0.02827000
6/04/2014,      0.02671433
7/04/2014,      0.02611600
8/04/2014,      0.02858933
9/04/2014,      0.12600450
10/04/2014,      0.21717875
11/04/2014,      0.34660642
12/04/2014,      0.15936242
13/04/2014,      0.05765483
14/04/2014,      0.04437092
15/04/2014,      0.03706000
16/04/2014,      0.03706000
17/04/2014,      0.04975875
18/04/2014,      0.04019208
19/04/2014,      0.04636725
20/04/2014,      0.04031908
21/04/2014,      0.03449625
22/04/2014,      0.12287658
23/04/2014,      0.08623383
24/04/2014,      0.04906267
25/04/2014,      0.03741233
26/04/2014,      0.04131133
27/04/2014,      0.04445900
28/04/2014,      0.03706000
29/04/2014,      0.15195492
30/04/2014,      0.27832983
1/05/2014,      0.09210450
2/05/2014,      0.05673767
3/05/2014,      0.04763000
4/05/2014,      0.10563717
5/05/2014,      0.14188408
6/05/2014,      0.07102833
7/05/2014,      0.05837500
8/05/2014,      0.04683725
9/05/2014,      0.04393050
10/05/2014,      0.21391583
11/05/2014,      0.10024533
12/05/2014,      0.06159233
13/05/2014,      0.04936967
14/05/2014,      0.04763000
15/05/2014,      0.03996675
16/05/2014,      0.03706000
17/05/2014,      0.03706000
18/05/2014,      0.03706000
19/05/2014,      0.03706000
20/05/2014,      0.04701021
21/05/2014,      0.05283671
22/05/2014,      0.03706000
23/05/2014,      0.20134975
24/05/2014,      0.08903696
25/05/2014,      0.07762958
26/05/2014,      0.05767692
27/05/2014,      0.28631338
28/05/2014,      0.20850758
29/05/2014,      0.10185096
30/05/2014,      0.07030442
31/05/2014,      0.05883550
1/06/2014,      0.06037600
2/06/2014,      0.05735167
3/06/2014,      0.37858133
4/06/2014,      0.15788925
5/06/2014,      0.16292850
6/06/2014,      0.09292200
7/06/2014,      0.10801371
8/06/2014,      0.10387504
9/06/2014,      0.07390942
10/06/2014,      0.05991000
11/06/2014,      0.05991000
12/06/2014,      0.05689117
13/06/2014,      0.14137875
14/06/2014,      0.11036571
15/06/2014,      0.24266675
16/06/2014,      0.13246050
17/06/2014,      0.16310317
18/06/2014,      0.10888396
19/06/2014,      0.08558425
20/06/2014,      0.07372917
21/06/2014,      0.06261375
22/06/2014,      0.05965417
23/06/2014,      0.05535617
24/06/2014,      0.40529717
25/06/2014,      0.40626246
26/06/2014,      0.17389317
27/06/2014,      0.11055396
28/06/2014,      0.10504933
29/06/2014,      0.52260567
30/06/2014,      0.58318800
1/07/2014,      0.40572704
2/07/2014,      0.20311800
3/07/2014,      0.15478533
4/07/2014,      0.13421250
5/07/2014,      0.16877583
6/07/2014,      0.36291042
7/07/2014,      0.33095983
8/07/2014,      0.17716600
9/07/2014,      0.32158875
10/07/2014,      0.46980917
11/07/2014,      0.29211600
12/07/2014,      0.58286383
13/07/2014,      0.31929950
14/07/2014,      0.21661542
15/07/2014,      0.17815717
16/07/2014,      0.19152617
17/07/2014,      0.15982000
18/07/2014,      0.44439458
19/07/2014,      0.31305408
20/07/2014,      0.22016325
21/07/2014,      0.17806483
22/07/2014,      0.15730892
23/07/2014,      0.14141200
24/07/2014,      0.13301650
25/07/2014,      0.12344850
26/07/2014,      0.14676267
27/07/2014,      0.16312650
28/07/2014,      0.12336275
29/07/2014,      0.10704933
30/07/2014,      0.13182833
31/07/2014,      0.27001867
1/08/2014,      0.42033142
2/08/2014,      0.39172350
3/08/2014,      0.22828775
4/08/2014,      0.16429925
5/08/2014,      0.13929550
6/08/2014,      0.13077767
7/08/2014,      0.17287825
8/08/2014,      0.14952983
9/08/2014,      0.12374750
10/08/2014,      0.19234725
11/08/2014,      0.17425383
12/08/2014,      0.13585700
13/08/2014,      0.12314950
14/08/2014,      0.12029408
15/08/2014,      0.10847350
16/08/2014,      0.10633725
17/08/2014,      0.10591000
18/08/2014,      0.10591000
19/08/2014,      0.10455000
20/08/2014,      0.08986200
21/08/2014,      0.08959000
22/08/2014,      0.08972600
23/08/2014,      0.08959000
24/08/2014,      0.09244600
25/08/2014,      0.22205092
26/08/2014,      0.12164742
27/08/2014,      0.10169400
28/08/2014,      0.09122200
29/08/2014,      0.08959000
30/08/2014,      0.08959000
31/08/2014,      0.08501200
1/09/2014,      0.19582221
2/09/2014,      0.29684792
3/09/2014,      0.14997933
4/09/2014,      0.10918558
5/09/2014,      0.09176600
6/09/2014,      0.09054200
7/09/2014,      0.08297733
8/09/2014,      0.07445717
9/09/2014,      0.69078871
10/09/2014,      0.45309696
11/09/2014,      0.27069283
12/09/2014,      0.17188000
13/09/2014,      0.13697825
14/09/2014,      0.11837146
15/09/2014,      0.10591000
16/09/2014,      0.09129000
17/09/2014,      0.10964888
18/09/2014,      0.18358629
19/09/2014,      0.14174988
20/09/2014,      0.10697813
21/09/2014,      0.10135400
22/09/2014,      0.08959000
23/09/2014,      0.08959000
24/09/2014,      0.08203667
25/09/2014,      0.60274963
26/09/2014,      0.19122817
27/09/2014,      0.12677238
28/09/2014,      0.10108200
29/09/2014,      0.08959000
30/09/2014,      0.09085062
1/10/2014,      0.12430396
2/10/2014,      0.09224200
3/10/2014,      0.08959000
4/10/2014,      0.08405825
5/10/2014,      0.07433000
6/10/2014,      0.07433000
7/10/2014,      0.11684567
8/10/2014,      0.07490225
9/10/2014,      0.07174642
10/10/2014,      0.06159233
11/10/2014,      0.06183267
12/10/2014,      0.05991000
13/10/2014,      0.12786458
14/10/2014,      0.35806413
15/10/2014,      0.10236954
16/10/2014,      0.12883504
17/10/2014,      0.10577921
18/10/2014,      0.07502942
19/10/2014,      0.07433000
20/10/2014,      0.07210692
21/10/2014,      0.06603850
22/10/2014,      0.06772083
23/10/2014,      0.05991000
24/10/2014,      0.06603850
25/10/2014,      0.05991000
26/10/2014,      0.06567800
27/10/2014,      0.81450375
28/10/2014,      0.24249754
29/10/2014,      0.13574021
30/10/2014,      0.10189800
31/10/2014,      0.08583858
1/11/2014,      0.16287521
2/11/2014,      0.11107996
3/11/2014,      0.07553400
4/11/2014,      0.06075117
5/11/2014,      0.05991000
6/11/2014,      0.05602133
7/11/2014,      0.05039300
8/11/2014,      0.04763000
9/11/2014,      0.05151867
10/11/2014,      0.04763000
11/11/2014,      0.04763000
12/11/2014,      0.04578025
13/11/2014,      0.04124396
14/11/2014,      0.03706000
15/11/2014,      0.03742658
16/11/2014,      0.48789175
17/11/2014,      0.10886442
18/11/2014,      0.06868217
19/11/2014,      0.05776100
20/11/2014,      0.05393667
21/11/2014,      0.07918275
22/11/2014,      0.04763000
23/11/2014,      0.04763000
24/11/2014,      0.16261842
25/11/2014,      0.15464558
26/11/2014,      0.06375533
27/11/2014,      0.05735167
28/11/2014,      0.04763000
29/11/2014,      0.04763000
30/11/2014,      0.04763000
1/12/2014,      0.04216883
2/12/2014,      0.04040717
3/12/2014,      0.03706000
4/12/2014,      0.12710313
5/12/2014,      0.04911383
6/12/2014,      0.05172333
7/12/2014,      0.31694012
8/12/2014,      0.10218504
9/12/2014,      0.06946325
10/12/2014,      0.05392350
11/12/2014,      0.06770333
12/12/2014,      0.05556083
13/12/2014,      0.04763000
14/12/2014,      0.04159629
15/12/2014,      0.03706000
16/12/2014,      0.03706000
17/12/2014,      0.03706000
18/12/2014,      0.04539554
19/12/2014,      0.07069308
20/12/2014,      0.03930613
21/12/2014,      0.03706000
22/12/2014,      0.03706000
23/12/2014,      0.03706000
24/12/2014,      0.03706000
25/12/2014,      0.03706000
26/12/2014,      0.12106979
27/12/2014,      0.05449929
28/12/2014,      0.03706000
29/12/2014,      0.03921804
30/12/2014,      0.03772063
31/12/2014,      0.03706000
1/01/2015,      0.03669375
2/01/2015,      0.03504563
3/01/2015,      0.02827000
4/01/2015,      0.03592921
5/01/2015,      0.03453288
6/01/2015,      0.02827000
7/01/2015,      0.02827000
8/01/2015,      0.06047833
9/01/2015,      0.06032733
10/01/2015,      0.07290975
11/01/2015,      0.04159629
12/01/2015,      0.03511888
13/01/2015,      0.05655925
14/01/2015,      0.26151021
15/01/2015,      0.12377854
16/01/2015,      0.07173300
17/01/2015,      0.04529579
18/01/2015,      0.03706000
19/01/2015,      0.03555838
20/01/2015,      0.03109013
21/01/2015,      0.04005483
22/01/2015,      0.02925888
23/01/2015,      0.02827000
24/01/2015,      0.02791100
25/01/2015,      0.02548775
26/01/2015,      0.02648642
27/01/2015,      0.02803067
28/01/2015,      0.02393208
29/01/2015,      0.02109000
30/01/2015,      0.02114983
31/01/2015,      0.02109000
1/02/2015,      0.02330383
2/02/2015,      0.02635533
3/02/2015,      0.02126950
4/02/2015,      0.02288500
5/02/2015,      0.02109000
6/02/2015,      0.02109000
7/02/2015,      0.02109000
8/02/2015,      0.02109000
9/02/2015,      0.02109000
10/02/2015,      0.02109000
11/02/2015,      0.02109000
12/02/2015,      0.02109000
13/02/2015,      0.22680971
14/02/2015,      0.83868471
15/02/2015,      0.10341483
16/02/2015,      0.04460408
17/02/2015,      0.03427650
18/02/2015,      0.02900250
19/02/2015,      0.04456642
20/02/2015,      0.03862508
21/02/2015,      0.02914900
22/02/2015,      0.02827000
23/02/2015,      0.03294125
24/02/2015,      0.03948229
25/02/2015,      0.02991813
26/02/2015,      0.02827000
27/02/2015,      0.02827000
28/02/2015,      0.02827000
1/03/2015,      0.22454175
2/03/2015,      0.05025946
3/03/2015,      0.03706000
4/03/2015,      0.03489913
5/03/2015,      0.04731317
6/03/2015,      0.03939421
7/03/2015,      0.04556004
8/03/2015,      0.03789679
9/03/2015,      0.03453288
10/03/2015,      0.02827000
11/03/2015,      0.02827000
12/03/2015,      0.02827000
13/03/2015,      0.02827000
14/03/2015,      0.02827000
15/03/2015,      0.04775575
16/03/2015,      0.02870950
17/03/2015,      0.02641517
18/03/2015,      0.03072750
19/03/2015,      0.02641517
20/03/2015,      0.02378250
21/03/2015,      0.02294483
22/03/2015,      0.02234650
23/03/2015,      0.02228667
24/03/2015,      0.02853125
25/03/2015,      0.03663717
26/03/2015,      0.02966175
27/03/2015,      0.02914900
28/03/2015,      0.02827000
29/03/2015,      0.02827000
30/03/2015,      0.02827000
31/03/2015,      0.02900250
1/04/2015,      0.02527833
2/04/2015,      0.06170225
3/04/2015,      0.03644800
4/04/2015,      0.02827000
5/04/2015,      0.02827000
6/04/2015,      0.02827000
7/04/2015,      0.06479558
8/04/2015,      0.07491767
9/04/2015,      0.03908592
10/04/2015,      0.03478925
11/04/2015,      0.03098025
12/04/2015,      0.02848975
13/04/2015,      0.02827000
14/04/2015,      0.02827000
15/04/2015,      0.04373717
16/04/2015,      0.03518608
17/04/2015,      0.02903217
18/04/2015,      0.08103792
19/04/2015,      0.31980083
20/04/2015,      0.10608642
21/04/2015,      0.05049533
22/04/2015,      0.03794083
23/04/2015,      0.03908592
24/04/2015,      0.03706000
25/04/2015,      0.05030025
26/04/2015,      0.08339258
27/04/2015,      0.16795500
28/04/2015,      0.08313400
29/04/2015,      0.06575750
30/04/2015,      0.04657300
1/05/2015,      0.04005483
2/05/2015,      0.03706000
3/05/2015,      0.03943825
4/05/2015,      0.03706000
5/05/2015,      0.05338400
6/05/2015,      0.07112742
7/05/2015,      0.07545817
8/05/2015,      0.05543450
9/05/2015,      0.04463517
10/05/2015,      0.37607317
11/05/2015,      0.18002342
12/05/2015,      0.08921400
13/05/2015,      0.16096912
14/05/2015,      0.36054096
15/05/2015,      0.19902067
16/05/2015,      0.12148021
17/05/2015,      0.08443975
18/05/2015,      0.07006408
19/05/2015,      0.07333267
20/05/2015,      0.09726967
21/05/2015,      0.45458746
22/05/2015,      0.14840646
23/05/2015,      0.09686600
24/05/2015,      0.07808142
25/05/2015,      0.07402958
26/05/2015,      0.05991000
27/05/2015,      0.05991000
28/05/2015,      0.05991000
29/05/2015,      0.05991000
30/05/2015,      0.05863083
31/05/2015,      0.08806171
1/06/2015,      0.17691904
2/06/2015,      0.07833575
3/06/2015,      0.07030442
4/06/2015,      0.08627138
5/06/2015,      0.10124013
6/06/2015,      0.06333475
7/06/2015,      0.05991000
8/06/2015,      0.05970533
9/06/2015,      0.09465425
10/06/2015,      0.08189642
11/06/2015,      0.06033058
12/06/2015,      0.05991000
13/06/2015,      0.05643067
14/06/2015,      0.05991000
15/06/2015,      0.05991000
16/06/2015,      0.08137042
17/06/2015,      0.06417592
18/06/2015,      0.05991000
19/06/2015,      0.05760750
20/06/2015,      0.05361650
21/06/2015,      0.05269550
22/06/2015,      0.04763000
23/06/2015,      0.04763000
24/06/2015,      0.04763000
25/06/2015,      0.04880683
26/06/2015,      0.05187683
27/06/2015,      0.04763000
28/06/2015,      0.04763000
29/06/2015,      0.04763000
30/06/2015,      0.04763000
1/07/2015,      0.04763000
2/07/2015,      0.06708158
3/07/2015,      0.05647525
4/07/2015,      0.06299925
5/07/2015,      0.06609858
6/07/2015,      0.05013717
7/07/2015,      0.05070000
8/07/2015,      0.04896033
9/07/2015,      0.04763000
10/07/2015,      0.04763000
11/07/2015,      0.05840142
12/07/2015,      0.30036442
13/07/2015,      0.42423517
14/07/2015,      0.43161117
15/07/2015,      0.27626475
16/07/2015,      0.14106813
17/07/2015,      0.20949733
18/07/2015,      0.15815375
19/07/2015,      0.11025371
20/07/2015,      0.09074600
21/07/2015,      0.07553808
22/07/2015,      0.08470558
23/07/2015,      0.07599367
24/07/2015,      0.08632079
25/07/2015,      0.12067304
26/07/2015,      0.18806038
27/07/2015,      0.11182113
28/07/2015,      0.10472583
29/07/2015,      0.08936483
30/07/2015,      0.07433000
31/07/2015,      0.09157067
1/08/2015,      0.10194175
2/08/2015,      0.11461942
3/08/2015,      0.20250004
4/08/2015,      0.15231217
5/08/2015,      0.24024242
6/08/2015,      0.34536550
7/08/2015,      0.42315450
8/08/2015,      0.22361321
9/08/2015,      0.15776421
10/08/2015,      0.12591525
11/08/2015,      0.10996888
12/08/2015,      0.08993000
13/08/2015,      0.10732433
14/08/2015,      0.09169800
15/08/2015,      0.16069283
16/08/2015,      0.09931400
17/08/2015,      0.18689404
18/08/2015,      0.28821367
19/08/2015,      0.15689471
20/08/2015,      0.11808663
21/08/2015,      0.09265000
22/08/2015,      0.08959000
23/08/2015,      0.08304092
24/08/2015,      0.07433000
25/08/2015,      0.07433000
26/08/2015,      0.07433000
27/08/2015,      1.61217246
28/08/2015,      0.72888087
29/08/2015,      0.28535017
30/08/2015,      0.23674100
31/08/2015,      0.16005263
1/09/2015,      0.13488525
2/09/2015,      0.10944279
3/09/2015,      0.13209858
4/09/2015,      0.09836200
5/09/2015,      0.08959000
6/09/2015,      0.08959000
7/09/2015,      0.15844200
8/09/2015,      0.20777996
9/09/2015,      0.19205413
10/09/2015,      0.13860413
11/09/2015,      0.11004971
12/09/2015,      0.08959000
13/09/2015,      0.08939925
14/09/2015,      0.07534733
15/09/2015,      0.61575233
16/09/2015,      0.22439663
17/09/2015,      0.14507308
18/09/2015,      0.12065013
19/09/2015,      0.10421000
20/09/2015,      0.09067800
21/09/2015,      0.08959000
22/09/2015,      0.23142496
23/09/2015,      0.11566554
24/09/2015,      0.09129000
25/09/2015,      0.08959000
26/09/2015,      0.08927208
27/09/2015,      0.07827217
28/09/2015,      0.07750917
29/09/2015,      0.07433000
30/09/2015,      0.07384933
1/10/2015,      0.07102542
2/10/2015,      0.06171250
3/10/2015,      0.05991000
4/10/2015,      0.05991000
5/10/2015,      0.05617483
6/10/2015,      0.04763000
7/10/2015,      0.04763000
8/10/2015,      0.04763000
9/10/2015,      0.04988133
10/10/2015,      0.04763000
11/10/2015,      0.05438442
12/10/2015,      0.06681958
13/10/2015,      0.05689117
14/10/2015,      0.05039300
15/10/2015,      0.04763000
16/10/2015,      0.04763000
17/10/2015,      0.04763000
18/10/2015,      0.04763000
19/10/2015,      0.04481133
20/10/2015,      0.04763000
21/10/2015,      0.06032875
22/10/2015,      0.05636208
23/10/2015,      0.05770983
24/10/2015,      0.04998367
25/10/2015,      0.04763000
26/10/2015,      0.04670512
27/10/2015,      0.03829317
28/10/2015,      0.03706000
29/10/2015,      0.03706000
30/10/2015,      0.03706000
31/10/2015,      0.07372829
1/11/2015,      0.05395725
2/11/2015,      0.04953550
3/11/2015,      0.04923821
4/11/2015,      0.03706000
5/11/2015,      0.27837983
6/11/2015,      0.14986992
7/11/2015,      0.11220679
8/11/2015,      0.05859792
9/11/2015,      0.04763000
10/11/2015,      0.04646767
11/11/2015,      0.05101592
12/11/2015,      0.04142013
13/11/2015,      0.04177246
14/11/2015,      0.03736829
15/11/2015,      0.03706000
16/11/2015,      0.03706000
17/11/2015,      0.02969838
18/11/2015,      0.02827000
19/11/2015,      0.02827000
20/11/2015,      0.03893200
21/11/2015,      0.11271292
22/11/2015,      0.04071546
23/11/2015,      0.02911238
24/11/2015,      0.02827000
25/11/2015,      0.02671433
26/11/2015,      0.03421296
27/11/2015,      0.03292138
28/11/2015,      0.02827000
29/11/2015,      0.02827000
30/11/2015,      0.02918563
1/12/2015,      0.03706000
2/12/2015,      0.03929963
3/12/2015,      0.02827000
4/12/2015,      0.02827000
5/12/2015,      0.02827000
6/12/2015,      0.02940538
7/12/2015,      0.03123663
8/12/2015,      0.04738533
9/12/2015,      0.04763000
10/12/2015,      0.04564812
11/12/2015,      0.05037575
12/12/2015,      0.03923004
13/12/2015,      0.02189775
14/12/2015,      0.02109000
15/12/2015,      0.01760167
16/12/2015,      0.01589000
17/12/2015,      0.01784000
18/12/2015,      0.01602000
19/12/2015,      0.01593333
20/12/2015,      0.03221950
21/12/2015,      0.02856833
22/12/2015,      0.01589000
23/12/2015,      0.01589000
24/12/2015,      0.01589000
25/12/2015,      0.01388625
26/12/2015,      0.33174529
27/12/2015,      0.06645204
28/12/2015,      0.02674425
29/12/2015,      0.02109000
30/12/2015,      0.02033167
31/12/2015,      0.01766667
1/01/2016,      0.01589000
2/01/2016,      0.01589000
3/01/2016,      0.01589000
4/01/2016,      0.01589000
5/01/2016,      0.01636667
6/01/2016,      0.01732000
7/01/2016,      0.01589000
8/01/2016,      0.01589000
9/01/2016,      0.01589000
10/01/2016,      0.01589000
11/01/2016,      0.01443967
12/01/2016,      0.01619333
13/01/2016,      0.01407708
14/01/2016,      0.03174696
15/01/2016,      0.02789521
16/01/2016,      0.01989833
17/01/2016,      0.01589000
18/01/2016,      0.01392442
19/01/2016,      0.01131000
20/01/2016,      0.01270308
21/01/2016,      0.01589000
22/01/2016,      0.03536588
23/01/2016,      0.03186562
24/01/2016,      0.01803500
25/01/2016,      0.01589000
26/01/2016,      0.01589000
27/01/2016,      0.14121571
28/01/2016,      0.17385646
29/01/2016,      0.41507963
30/01/2016,      0.10185829
31/01/2016,      0.08564342
1/02/2016,      0.03358108
2/02/2016,      0.02524842
3/02/2016,      0.02818313
4/02/2016,      0.03286263
5/02/2016,      0.02111992
6/02/2016,      0.02132933
7/02/2016,      0.02091667
8/02/2016,      0.02002833
9/02/2016,      0.01623667
10/02/2016,      0.01589000
11/02/2016,      0.01589000
12/02/2016,      0.01621500
13/02/2016,      0.02091667
14/02/2016,      0.02484825
15/02/2016,      0.02198750
16/02/2016,      0.03199467
17/02/2016,      0.04133008
18/02/2016,      0.03787808
19/02/2016,      0.02159858
20/02/2016,      0.02067833
21/02/2016,      0.01823000
22/02/2016,      0.01589000
23/02/2016,      0.01589000
24/02/2016,      0.01589000
25/02/2016,      0.01589000
26/02/2016,      0.01589000
27/02/2016,      0.01589000
28/02/2016,      0.01589000
29/02/2016,      0.01589000
1/03/2016,      0.01411525
2/03/2016,      0.01352367
3/03/2016,      0.01053612
4/03/2016,      0.01114012
5/03/2016,      0.01293683
6/03/2016,      0.01131000
7/03/2016,      0.01131000
8/03/2016,      0.01491675
9/03/2016,      0.01255042
10/03/2016,      0.01644071
11/03/2016,      0.02980079
12/03/2016,      0.01677833
13/03/2016,      0.01589000
14/03/2016,      0.01589000
15/03/2016,      0.01589000
16/03/2016,      0.01589000
17/03/2016,      0.01480225
18/03/2016,      0.41773017
19/03/2016,      0.46154113
20/03/2016,      0.07998183
21/03/2016,      0.03350738
22/03/2016,      0.02566725
23/03/2016,      0.02109000
24/03/2016,      0.02109000
25/03/2016,      0.01998500
26/03/2016,      0.01955167
27/03/2016,      0.01959500
28/03/2016,      0.01927000
29/03/2016,      0.01732000
30/03/2016,      0.02067833
31/03/2016,      0.02109000
1/04/2016,      0.01799167
2/04/2016,      0.01875000
3/04/2016,      0.01688667
4/04/2016,      0.01732000
5/04/2016,      0.01667000
6/04/2016,      0.25640271
7/04/2016,      0.11003229
8/04/2016,      0.03768675
9/04/2016,      0.02827000
10/04/2016,      0.02827000
11/04/2016,      0.03182263
12/04/2016,      0.03564317
13/04/2016,      0.02889263
14/04/2016,      0.02722292
15/04/2016,      0.02704342
16/04/2016,      0.02213708
17/04/2016,      0.02109000
18/04/2016,      0.02109000
19/04/2016,      0.02109000
20/04/2016,      0.02109000
21/04/2016,      0.05682358
22/04/2016,      0.21141925
23/04/2016,      0.04826938
24/04/2016,      0.03467938
25/04/2016,      0.02827000
26/04/2016,      0.02827000
27/04/2016,      0.02566725
28/04/2016,      0.02109000
29/04/2016,      0.06237858
30/04/2016,      0.06337371
1/05/2016,      0.13707483
2/05/2016,      0.07304350
3/05/2016,      0.04642521
4/05/2016,      0.05669104
5/05/2016,      0.03336088
6/05/2016,      0.02827000
7/05/2016,      0.02659467
8/05/2016,      0.04547975
9/05/2016,      0.20106029
10/05/2016,      0.24031271
11/05/2016,      0.12022867
12/05/2016,      0.09323200
13/05/2016,      0.05860725
14/05/2016,      0.04009888
15/05/2016,      0.03563163
16/05/2016,      0.02827000
17/05/2016,      0.02827000
18/05/2016,      0.03200575
19/05/2016,      0.03937375
20/05/2016,      0.06147400
21/05/2016,      0.04075950
22/05/2016,      0.03706000
23/05/2016,      0.13116500
24/05/2016,      0.06653200
25/05/2016,      0.04814167
26/05/2016,      0.24215821
27/05/2016,      0.32975350
28/05/2016,      0.10328429
29/05/2016,      0.08714692
30/05/2016,      0.05717375
31/05/2016,      0.04763000
1/06/2016,      0.04763000
2/06/2016,      0.04763000
3/06/2016,      0.04763000
4/06/2016,      0.14099504
5/06/2016,      0.14093542
6/06/2016,      0.09541271
7/06/2016,      0.14294158
8/06/2016,      0.20460583
9/06/2016,      0.10427033
10/06/2016,      0.14416396
11/06/2016,      0.16155433
12/06/2016,      0.12345054
13/06/2016,      0.08502525
14/06/2016,      0.07054475
15/06/2016,      0.06015033
16/06/2016,      0.05991000
17/06/2016,      0.09474275
18/06/2016,      0.34247733
19/06/2016,      0.12920275
20/06/2016,      0.30445271
21/06/2016,      0.24294633
22/06/2016,      0.18258513
23/06/2016,      0.27190892
24/06/2016,      0.52023058
25/06/2016,      0.32452542
26/06/2016,      0.17226154
27/06/2016,      0.12905475
28/06/2016,      0.10598121
29/06/2016,      0.08979400
30/06/2016,      0.12085654
1/07/2016,      0.18163992
2/07/2016,      0.12971954
3/07/2016,      0.10081000
4/07/2016,      0.08959000
5/07/2016,      0.13727925
6/07/2016,      0.42526308
7/07/2016,      0.24865742
8/07/2016,      0.17875750
9/07/2016,      0.13304000
10/07/2016,      0.11032492
11/07/2016,      0.12075567
12/07/2016,      0.10647967
13/07/2016,      0.10470525
14/07/2016,      0.08959000
15/07/2016,      0.07572883
16/07/2016,      0.07433000
17/07/2016,      0.07433000
18/07/2016,      0.07228717
19/07/2016,      0.05991000
20/07/2016,      0.07543133
21/07/2016,      0.08189467
22/07/2016,      0.39299767
23/07/2016,      0.49777600
24/07/2016,      0.19083621
25/07/2016,      0.17943117
26/07/2016,      0.23790208
27/07/2016,      0.17744575
28/07/2016,      0.14971258
29/07/2016,      0.11862242
30/07/2016,      0.12026575
31/07/2016,      0.15357075
1/08/2016,      0.43585683
2/08/2016,      0.67479217
3/08/2016,      0.28753183
4/08/2016,      0.20238950
5/08/2016,      0.14616333
6/08/2016,      0.12314950
7/08/2016,      0.10918558
8/08/2016,      0.10591000
9/08/2016,      0.09027000
10/08/2016,      0.09896875
11/08/2016,      0.19687750
12/08/2016,      0.09979000
13/08/2016,      0.12258642
14/08/2016,      0.10081196
15/08/2016,      0.08882700
16/08/2016,      0.07916233
17/08/2016,      0.08170567
18/08/2016,      0.07776350
19/08/2016,      0.20876592
20/08/2016,      0.21706988
21/08/2016,      0.15795692
22/08/2016,      0.41765279
23/08/2016,      0.45060992
24/08/2016,      0.19604700
25/08/2016,      0.37220642
26/08/2016,      0.33688417
27/08/2016,      0.19598025
28/08/2016,      0.14340967
29/08/2016,      0.12344850
30/08/2016,      0.11735217
31/08/2016,      0.24469575
1/09/2016,      0.27522483
2/09/2016,      0.26214408
3/09/2016,      0.19183033
4/09/2016,      0.15090825
5/09/2016,      0.12614658
6/09/2016,      0.11146425
7/09/2016,      0.10591000
8/09/2016,      0.10324775
9/09/2016,      0.12174125
10/09/2016,      0.29671658
11/09/2016,      0.15806767
12/09/2016,      0.24761692
13/09/2016,      0.40571033
14/09/2016,      0.59441825
15/09/2016,      0.51165267
16/09/2016,      0.42783083
17/09/2016,      0.22903117
18/09/2016,      0.21068108
19/09/2016,      0.21005417
20/09/2016,      0.15649150
21/09/2016,      0.14931542
22/09/2016,      0.14656875
23/09/2016,      0.14179650
24/09/2016,      0.12514475
25/09/2016,      0.17959308
26/09/2016,      0.14128342
27/09/2016,      0.52662033
28/09/2016,      0.20875183
29/09/2016,      0.26927108
30/09/2016,      0.16928954
1/10/2016,      0.20127729
2/10/2016,      0.15555962
3/10/2016,      0.93155037
4/10/2016,      0.47900892
5/10/2016,      0.31138712
6/10/2016,      0.22114100
7/10/2016,      0.15675200
8/10/2016,      0.12152196
9/10/2016,      0.10509400
10/10/2016,      0.17605954
11/10/2016,      0.15182183
12/10/2016,      0.12254933
13/10/2016,      0.11447563
14/10/2016,      0.08959000
15/10/2016,      0.08583858
16/10/2016,      0.16472367
17/10/2016,      0.43413254
18/10/2016,      0.26643421
19/10/2016,      0.18249321
20/10/2016,      0.11536404
21/10/2016,      0.57385746
22/10/2016,      2.08140571
23/10/2016,      0.80725833
24/10/2016,      0.29646071
25/10/2016,      0.20581463
26/10/2016,      0.16489108
27/10/2016,      0.15785904
28/10/2016,      0.12607892
29/10/2016,      0.10968404
30/10/2016,      0.16084479
31/10/2016,      0.16263942
1/11/2016,      0.11469342
2/11/2016,      0.11871613
3/11/2016,      0.10257800
4/11/2016,      0.09054200
5/11/2016,      0.08959000
6/11/2016,      0.09217400
7/11/2016,      0.08488483
8/11/2016,      0.08424900
9/11/2016,      0.07433000
10/11/2016,      0.08043400
11/11/2016,      0.07433000
12/11/2016,      0.07534733
13/11/2016,      0.08586867
14/11/2016,      0.29751983
15/11/2016,      0.13531208
16/11/2016,      0.11571042
17/11/2016,      0.08670050
18/11/2016,      0.07458433
19/11/2016,      0.07084517
20/11/2016,      0.06435617
21/11/2016,      0.05991000
22/11/2016,      0.16378858
23/11/2016,      0.25518558
24/11/2016,      0.11911525
25/11/2016,      0.08425783
26/11/2016,      0.07156617
27/11/2016,      0.06291417
28/11/2016,      0.06519733
29/11/2016,      0.05991000
30/11/2016,      0.05991000
1/12/2016,      0.05991000
2/12/2016,      0.06066200
3/12/2016,      0.04763000
4/12/2016,      0.04763000
5/12/2016,      0.05763233
6/12/2016,      0.04824400
7/12/2016,      0.04763000
8/12/2016,      0.15851575
9/12/2016,      0.26448100
10/12/2016,      0.08335542
11/12/2016,      0.05991000
12/12/2016,      0.04947200
13/12/2016,      0.04763000
14/12/2016,      0.04604450
15/12/2016,      0.03888675
16/12/2016,      0.03706000
17/12/2016,      0.03706000
18/12/2016,      0.04409892
19/12/2016,      0.03706000
20/12/2016,      0.05173808
21/12/2016,      0.04914300
22/12/2016,      0.03706000
23/12/2016,      0.03706000
24/12/2016,      0.03706000
25/12/2016,      0.03706000
26/12/2016,      0.03706000
27/12/2016,      0.03706000
28/12/2016,      0.03706000
29/12/2016,      1.38429158
30/12/2016,      0.38156233
31/12/2016,      0.08696200
